X,Y,id,pk_uid,cod_stz,den_uff,cod_gnz,x_stz,y_stz,tip_gnz,gnz,org,origine,indirizzo,comune,provincia,gestore,categoria,cod_sta,data_agg,data_elab,icon_url
10.4742633771767,44.0449096952962,"1","1",RTT0900895SF,FORNACI DI BARGA,RTT0900895GK,"1618138.318627","4877934.024752","0400","variazione di sede/sottopasso (SOT_PAS, COD_SED)","0201",estrazione da ctr10k,Piazza Stazione n.1,Barga,LU,RFI,bronze,"0100","20190904","20191024",./0.png
10.199423404823,43.9777559455004,"2","2",RTT0900742SF,FORTE DEI MARMI-SERAVEZZA-QUERCETA,RTT0900742GK,"1596227.74","4870118.04","0400","variazione di sede/sottopasso (SOT_PAS, COD_SED)","0201",estrazione da ctr10k,Via Aurelia n.351,Seravezza,LU,RFI,silver,"0100","20190904","20191024",./0.png
11.856935073192,43.3686778958452,"3","3",RTT0900226SF,FRASSINETO,RTT0900226GK,"1731503.73","4805736.52","0400","variazione di sede/sottopasso (SOT_PAS, COD_SED)","0201",estrazione da ctr10k,Localita' Capanne di Rigutino,Arezzo,AR,,,"0200","20190904","20191024",./0.png
10.9335249973142,42.9480503729283,"4","4",RTT0900334SF,GAVORRANO,RTT0900334GK,"1657762.894994","4756873.772865","0400","variazione di sede/sottopasso (SOT_PAS, COD_SED)","0201",estrazione da ctr10k,Via Aurelia 25- Loc. Potassa,Gavorrano,GR,RFI,bronze,"0100","20190904","20191024",./0.png
10.5102225706103,44.027597600082,"5","5",RTT0900882SF,GHIVIZZANO-COREGLIA,RTT0900882GK,"1621054.46","4876063.3","0400","variazione di sede/sottopasso (SOT_PAS, COD_SED)","0201",estrazione da ctr10k,Via Stazione,Coreglia Antelminelli,LU,RFI,bronze,"0100","20190904","20191024",./0.png
11.8646165146987,43.5267676062903,"6","6",RTT0901998SF,GIOVI,RTT0901998GK,"1731521.99","4823316.4","0400","variazione di sede/sottopasso (SOT_PAS, COD_SED)","0201",estrazione da ctr10k,Localita' Giovi,Arezzo,AR,TFT,,"0100","20190904","20191024",./0.png
11.0084236678388,42.9154552670054,"7","7",RTT0900080SF,GIUNCARICO,RTT0900080GK,"1663959.731817","4753397.198687","0400","variazione di sede/sottopasso (SOT_PAS, COD_SED)","0201",estrazione da ctr10k,Via Lupo,Gavorrano,GR,,,"0200","20190904","20191024",./0.png
10.9451967419669,43.652243642227,"8","8",RTT0900085SF,GRANAIOLO,RTT0900085GK,"1656893.76","4835103.56","0400","variazione di sede/sottopasso (SOT_PAS, COD_SED)","0205",estrazione da ctr25k,Piazza Stazione,Empoli,FI,RFI,bronze,"0100","20190904","20191024",./0.png
9.84327929726619,44.4236425166591,"9","9",RTT0902984SF,GRONDOLA,RTT0902984GK,"1567154.8","4919291.03","0400","variazione di sede/sottopasso (SOT_PAS, COD_SED)","0201",estrazione da ctr10k,S.C. della Stazione,Pontremoli,MS,,,"0200","20190904","20191024",./0.png
11.1064810927338,42.7673866608527,"10","10",RTT0900280SF,GROSSETO,RTT0900280GK,"1672374.91","4737149.48","0400","variazione di sede/sottopasso (SOT_PAS, COD_SED)","0201",estrazione da ctr10k,Piazza Marconi n.8,Grosseto,GR,Centostazioni,gold,"0100","20190904","20191024",./0.png
11.1829137841784,43.8396569823863,"11","11",RTT0902827SF,IL NETO,RTT0902827GK,"1675515.895804","4856396.146637","0400","variazione di sede/sottopasso (SOT_PAS, COD_SED)","0201",estrazione da ctr10k,Via d'Azeglio,Sesto Fiorentino,FI,RFI,bronze,"0100","20190904","20191024",./0.png
11.452598224658,43.6558480128202,"12","12",RTT0901762SF,INCISA,RTT0901762GK,"1697801.49","4836588.29","0400","variazione di sede/sottopasso (SOT_PAS, COD_SED)","0201",estrazione da ctr10k,Viale Marconi n.31,Figline e Incisa Valdarno,FI,RFI,silver,"0100","20190904","20191024",./0.png
11.8035957522332,43.4800387587934,"13","13",RTT0900234SF,INDICATORE,RTT0900234GK,"1726765.52","4817958.24","0400","variazione di sede/sottopasso (SOT_PAS, COD_SED)","0201",estrazione da ctr10k,Localita' Indicatore Zona C,Arezzo,AR,,,"0200","20190904","20191024",./0.png
11.5640639267802,43.5252969087245,"14","14",RTT0901821SF,MONTEVARCHI-TERRANUOVA,RTT0901821GK,"1707237.89","4822360.09","0400","variazione di sede/sottopasso (SOT_PAS, COD_SED)","0201",estrazione da ctr10k,Piazza Donatori Sangue,Montevarchi,AR,RFI,silver,"0100","20190904","20191024",./0.png
11.2827387867977,43.8356837670894,"15","15",RTT0901555SF,MONTORSOLI,RTT0901555GK,"1683553.39","4856171.54","0400","variazione di sede/sottopasso (SOT_PAS, COD_SED)","0201",estrazione da ctr10k,Via di Montorsoli 72,Sesto Fiorentino,FI,RFI,bronze,"0100","20190904","20191024",./0.png
10.4421562422617,43.8362050197947,"16","16",RTT0900841SF,MONTUOLO,RTT0900841GK,"1615970.89","4854707.66","0400","variazione di sede/sottopasso (SOT_PAS, COD_SED)","0201",estrazione da ctr10k,Via di Cocombola,Lucca,LU,,,"0200","20190904","20191024",./0.png
10.1238146536998,44.1656600249594,"17","17",RTT0900938SF,MONZONE-MONTE DEI BIANCHI-ISOLANO,RTT0900938GK,"1589878.76","4890903.57","0400","variazione di sede/sottopasso (SOT_PAS, COD_SED)","0201",estrazione da ctr10k,Via Battisti n. 47,Fivizzano,MS,RFI,bronze,"0100","20190904","20191024",./0.png
11.400474878165,43.1139960828081,"18","18",RTT0900074SF,MURLO,RTT0900074GK,"1695330.855279","4776285.343426","0400","variazione di sede/sottopasso (SOT_PAS, COD_SED)","0201",estrazione da ctr10k,Piazza Stazione,Murlo,SI,RFI,bronze,"0100","20190904","20191024",./0.png
10.4872116356526,43.6859094755014,"19","19",RTT0900127SF,NAVACCHIO,RTT0900127GK,"1619892.894881","4838078.928438","0400","variazione di sede/sottopasso (SOT_PAS, COD_SED)","0201",estrazione da ctr10k,Largo Pietro Gori n. 31,Cascina,PI,RFI,bronze,"0100","20190904","20191024",./0.png
11.8412271064945,43.4208167532006,"20","20",RTT0902652SF,OLMO,RTT0902652GK,"1730033.54","4811483.88","0400","variazione di sede/sottopasso (SOT_PAS, COD_SED)","0201",estrazione da ctr10k,S.C. di Vetriana,Arezzo,FI,,,"0200","20190904","20191024",./0.png
10.4774279149543,43.5004616739628,"21","21",RTT0900533SF,ORCIANO,RTT0900533GK,"1619470.55","4817468.29","0400","variazione di sede/sottopasso (SOT_PAS, COD_SED)","0201",estrazione da ctr10k,Via della Stazione,Orciano Pisano,PI,,,"0200","20190904","20191024",./0.png
11.7152137814143,43.7948559460791,"22","22",RTT0900143SF,P.STIA,RTT0900143GK,"1718473.17","4852687.61","0400","variazione di sede/sottopasso (SOT_PAS, COD_SED)","0201",estrazione da ctr10k,Viale Roma,Pratovecchio Stia,AR,TFT,,"0100","20190904","20191024",./0.png
10.005184040342,44.2042288133495,"23","23",RTT0900963SF,PALLERONE,RTT0900963GK,"1580341.558399","4895064.807871","0400","variazione di sede/sottopasso (SOT_PAS, COD_SED)","0201",estrazione da ctr10k,Via della Pace,Aulla,MS,,,"0200","20190904","20191024",./0.png
10.6860058615281,43.8868265448043,"24","24",RTT0901101SF,PESCIA,RTT0901101GK,"1635461.05","4860700.83","0400","variazione di sede/sottopasso (SOT_PAS, COD_SED)","0201",estrazione da ctr10k,Via della Stazione 11,Pescia,PT,RFI,silver,"0100","20190904","20191024",./0.png
10.5026350192608,43.9371802117852,"25","25",RTT0900862SF,PIAGGIONE,RTT0900862GK,"1620629.3","4866009.44","0400","variazione di sede/sottopasso (SOT_PAS, COD_SED)","0201",estrazione da ctr10k,Via della Stazione 1,Lucca,LU,,,"0200","20190904","20191024",./0.png
11.2962085907637,43.8195969008753,"26","26",RTT0901525SF,PIAN DEL MUGNONE,RTT0901525GK,"1684685.959504","4854414.749316","0400","variazione di sede/sottopasso (SOT_PAS, COD_SED)","0201",estrazione da ctr10k,Via Faentina,Fiesole,FI,RFI,bronze,"0100","20190904","20191024",./0.png
11.3693226119191,43.0185834546968,"27","27",RTT0902208SF,PIAN DELLE VIGNE-CAMIGLIANO,RTT0902208GK,"1693095.529772","4765616.844249","0400","variazione di sede/sottopasso (SOT_PAS, COD_SED)","0201",estrazione da ctr10k,S.V. di Pian delle Vigne,Montalcino,LU,,,"0200","20190904","20191024",./0.png
10.4956434705922,44.0320919061803,"28","28",RTT0900888SF,PIANO DI COREGLIA-PONTE ALL'ANIA,RTT0900888GK,"1619877.042156","4876541.190606","0400","variazione di sede/sottopasso (SOT_PAS, COD_SED)","0201",estrazione da ctr10k,Localita' al Fontanone,Coreglia Antelminelli,LU,,,"0200","20190904","20191024",./0.png
11.4524087332818,43.7208273087399,"29","29",RTT0900048SF,RIGNANO SULL'ARNO-REGGELLO,RTT0900048GK,"1697572.73","4843805","0400","variazione di sede/sottopasso (SOT_PAS, COD_SED)","0201",estrazione da ctr10k,Via della Stazione n. 5,Rignano sull'Arno,FI,RFI,silver,"0100","20190904","20191024",./0.png
10.4196367006211,43.7897085739415,"30","30",RTT0900119SF,RIGOLI,RTT0900119GK,"1614248.97","4849512.09","0400","variazione di sede/sottopasso (SOT_PAS, COD_SED)","0201",estrazione da ctr10k,SS Abetone n. 377,S.Giuliano Terme,PI,RFI,bronze,"0100","20190904","20191024",./0.png
10.4157646644217,43.8217288439014,"31","31",RTT0900118SF,RIPAFRATTA,RTT0900118GK,"1613876.6","4853063.17","0400","variazione di sede/sottopasso (SOT_PAS, COD_SED)","0201",estrazione da ctr10k,Via Statale,S.Giuliano Terme,PI,RFI,bronze,"0100","20190904","20191024",./0.png
10.5821771161771,43.339441163398,"32","32",RTT0900469SF,RIPARBELLA,RTT0900469GK,"1628278.63","4799740.84","0400","variazione di sede/sottopasso (SOT_PAS, COD_SED)","0201",estrazione da ctr10k,Piazza Stazione,Riparbella,PI,RFI,bronze,"0100","20190904","20191024",./0.png
11.1288208250513,42.7049510417517,"33","33",RTT0900262SF,RISPESCIA,RTT0900262GK,"1674377.65","4730261.8","0400","variazione di sede/sottopasso (SOT_PAS, COD_SED)","0201",estrazione da ctr10k,Via della Riforma,Grosseto,GR,,,"0200","20190904","20191024",./0.png
11.1929888865484,42.9576622443737,"34","34",RTT0902277SF,ROCCASTRADA,RTT0902277GK,"1678902.738262","4758460.720261","0400","variazione di sede/sottopasso (SOT_PAS, COD_SED)","0201",estrazione da ctr10k,Piazza Stazione,Roccastrada,GR,RFI,bronze,"0100","20190904","20191024",./0.png
11.4341612926129,44.0094158618823,"35","35",RTT0902708SF,RONTA,RTT0902708GK,"1695158.72","4875815.59","0400","variazione di sede/sottopasso (SOT_PAS, COD_SED)","0201",estrazione da ctr10k,Via della Stazione,Borgo S.Lorenzo,FI,RFI,bronze,"0100","20190904","20191024",./0.png
11.4850712098308,43.8222636843981,"36","36",RTT0901700SF,RUFINA,RTT0901700GK,"1699865.609889","4855149.93819","0400","variazione di sede/sottopasso (SOT_PAS, COD_SED)","0201",estrazione da ctr10k,Via Duca della Vittoria n. 178,Rufina,FI,RFI,silver,"0100","20190904","20191024",./0.png
11.1418066566133,43.7854077657727,"37","37",RTT0901436SF,S. DONNINO-BADIA,RTT0901436GK,"1672367.126644","4850284.292602","0400","variazione di sede/sottopasso (SOT_PAS, COD_SED)","0201",estrazione da ctr10k,Via Trento,Campi Bisenzio,FI,RFI,silver,"0100","20190904","20191024",./0.png
11.4696778642518,43.7421668750587,"38","38",RTT0900047SF,S.ELLERO,RTT0900047GK,"1698893.17","4846216.49","0400","variazione di sede/sottopasso (SOT_PAS, COD_SED)","0201",estrazione da ctr10k,Via Aretina,Pelago,FI,RFI,silver,"0100","20190904","20191024",./0.png
10.5161690371332,43.6807794856245,"39","39",RTT0900128SF,S.FREDIANO A SETTIMO,RTT0900128GK,"1622237.237307","4837551.414351","0400","variazione di sede/sottopasso (SOT_PAS, COD_SED)","0201",estrazione da ctr10k,Via Filippi 106,Cascina,PI,RFI,bronze,"0100","20190904","20191024",./0.png
11.5269153497224,43.566200928233,"40","40",RTT0900256SF,S.GIOVANNI VALDARNO,RTT0900256GK,"1704097.57","4826811.26","0400","variazione di sede/sottopasso (SOT_PAS, COD_SED)","0201",estrazione da ctr10k,Piazza Matteotti 7,S.Giovanni Valdarno,AR,RFI,silver,"0100","20190904","20191024",./0.png
10.4368782265057,43.7648373084447,"41","41",RTT0903412SF,S.GIULIANO TERME,RTT0903412GK,"1615684.14","4846773.64","0400","variazione di sede/sottopasso (SOT_PAS, COD_SED)","0205",estrazione da ctr25k,Piazza Roma,S.Giuliano Terme,PI,RFI,silver,"0100","20190904","20191024",./0.png
10.8315723620542,43.701397667279,"42","42",RTT0900660SF,S.MINIATO-FUCECCHIO,RTT0900660GK,"1647610.03","4840354.41","0400","variazione di sede/sottopasso (SOT_PAS, COD_SED)","0201",estrazione da ctr10k,Piazza Stazione 3,S.Miniato,PI,RFI,silver,"0100","20190904","20191024",./0.png
10.5309451743294,43.875086171008,"43","43",RTT0903446SF,S.PIETRO A VICO,RTT0903446GK,"1623029.306918","4859154.414202","0400","variazione di sede/sottopasso (SOT_PAS, COD_SED)","0201",estrazione da ctr10k,Via della Stazione III n. 132,Lucca,LU,RFI,bronze,"0100","20190904","20191024",./0.png
10.7601796545011,43.6906244392503,"44","44",RTT0900684SF,S.ROMANO-MONTOPOLI-S.CROCE,RTT0900684GK,"1641882.71","4839033.27","0400","variazione di sede/sottopasso (SOT_PAS, COD_SED)","0205",estrazione da ctr25k,Via Cavour 3,Montopoli in val d'Arno,PI,RFI,silver,"0100","20190904","20191024",./0.png
10.5398447634585,43.1003731157305,"45","45",RTT0900420SF,S.VINCENZO,RTT0900420GK,"1625335.75","4773126.43","0400","variazione di sede/sottopasso (SOT_PAS, COD_SED)","0201",estrazione da ctr10k,Piazza Stazione,S.Vincenzo,LI,RFI,silver,"0100","20190904","20191024",./0.png
11.2743023119022,43.800257168316,"46","46",RTT0901517SF,SALVIATI,RTT0901517GK,"1682983.285814","4852218.015069","0400","variazione di sede/sottopasso (SOT_PAS, COD_SED)","0201",estrazione da ctr10k,Firenze,Firenze,FI,RFI,bronze,"0100","20190904","20191024",./0.png
11.4284862409611,42.9647626171514,"47","47",RTT0902377SF,SAN D'ANGELO - CINIGIANO,RTT0902377GK,"1698089.63","4759777.42","0400","variazione di sede/sottopasso (SOT_PAS, COD_SED)","0201",estrazione da ctr10k,Viale Stazione,Montalcino,SI,,,"0200","20190904","20191024",./0.png
11.5933466999059,43.152978047477,"48","48",RTT0903337SF,SAN GIOVANNI,RTT0903337GK,"1710889.67735","4781082.340829","0400","variazione di sede/sottopasso (SOT_PAS, COD_SED)","0201",estrazione da ctr10k,Via della Stazione,San Giovanni D'Asso,SI,,,"0200","20190904","20191024",./0.png
11.8010226860177,43.4467330043015,"49","49",RTT0902077SF,SAN GIULIANO,RTT0902077GK,"1726681.9","4814252.07","0400","variazione di sede/sottopasso (SOT_PAS, COD_SED)","0201",estrazione da ctr10k,Raccordo Autostradale di Arezzo,Arezzo,PI,,,"0200","20190904","20191024",./0.png
10.3147771278801,43.5606698688229,"50","50",RTT0900006SF,SAN MARCO,RTT0900006GK,"1606215.12","4823934.6","0400","variazione di sede/sottopasso (SOT_PAS, COD_SED)","0201",estrazione da ctr10k,Piazza Enrico Bartelloni,Livorno,LI,,,"0200","20190904","20191024",./0.png
12.1349239059897,43.5699024785044,"51","51",RTT0900173SF,SANSEPOLCRO,RTT0900173GK,"1753186.38","4828895.69","0400","variazione di sede/sottopasso (SOT_PAS, COD_SED)","0201",estrazione da ctr10k,Piazza Stazione,Sansepolcro,AR,,,"0200","20190904","20191024",./0.png
10.4896418178486,43.4372717127441,"52","52",RTT0900523SF,SANTA LUCE,RTT0900523GK,"1620583.53","4810467.91","0400","variazione di sede/sottopasso (SOT_PAS, COD_SED)","0201",estrazione da ctr10k,Via Rosignanina,Santa Luce,PI,,,"0200","20190904","20191024",./0.png
11.8539227266674,43.628069634192,"53","53",RTT0902015SF,SANTA MAMA,RTT0902015GK,"1730271.16","4834538.16","0400","variazione di sede/sottopasso (SOT_PAS, COD_SED)","0201",estrazione da ctr10k,Localita' Santa Mama,Subbiano,AR,TFT,,"0300","20190904","20191024",./0.png
10.3803759228948,43.7310604036758,"54","54",RTT0900105SF,SCALO DI PISA SAN ROSSORE,RTT0900105GK,"1611198.61","4842944.82","0400","variazione di sede/sottopasso (SOT_PAS, COD_SED)","0201",estrazione da ctr10k,Via di Campaldo,Pisa,PI,,,"0200","20190904","20191024",./0.png
10.8367739368011,42.9420242895798,"55","55",RTT0900344SF,SCARLINO,RTT0900344GK,"1649884.39","4756027.58","0400","variazione di sede/sottopasso (SOT_PAS, COD_SED)","0201",estrazione da ctr10k,Via Matteotti n. 26,Scarlino,GR,RFI,bronze,"0100","20190904","20191024",./0.png
11.496956762988,43.8425042254195,"56","56",RTT0901689SF,SCOPETI,RTT0901689GK,"1700753.53397","4857426.865253","0400","variazione di sede/sottopasso (SOT_PAS, COD_SED)","0201",estrazione da ctr10k,Via Leonardo da Vinci,Rufina,FI,RFI,bronze,"0100","20190904","20191024",./0.png
9.91183332482348,44.3442946913143,"57","57",RTT0901021SF,SCORCETOLI,RTT0901021GK,"1572710","4910535.74","0400","variazione di sede/sottopasso (SOT_PAS, COD_SED)","0201",estrazione da ctr10k,Via Cantiere n. 2,Filattiera,MS,RFI,bronze,"0100","20190904","20191024",./0.png
10.8516832330044,43.9080367534805,"58","58",RTT0902989SF,SERRAVALLE PISTOIESE,RTT0902989GK,"1648717.02","4863341.52","0400","variazione di sede/sottopasso (SOT_PAS, COD_SED)","0201",estrazione da ctr10k,Via Vecchia Lucchese,Serravalle Pistoiese,PT,RFI,bronze,"0100","20190904","20191024",./0.png
11.6011368061717,43.2515350934887,"59","59",RTT0903349SF,SERRE DI RAPOLANO,RTT0903349GK,"1711182.738311","4792047.903903","0400","variazione di sede/sottopasso (SOT_PAS, COD_SED)","0201",estrazione da ctr10k,Via della Stazione,Rapolano Terme,SI,,,"0200","20190904","20191024",./0.png
11.1918557125183,43.8334927005357,"60","60",RTT0902824SF,SESTO FIORENTINO,RTT0902824GK,"1676252.91734","4855730.494567","0400","variazione di sede/sottopasso (SOT_PAS, COD_SED)","0201",estrazione da ctr10k,Piazza Calvani,Sesto Fiorentino,FI,RFI,silver,"0100","20190904","20191024",./0.png
11.3946401560931,43.7909099551317,"61","61",RTT0900049SF,SIECI,RTT0900049GK,"1692694.15","4851452.94","0400","variazione di sede/sottopasso (SOT_PAS, COD_SED)","0201",estrazione da ctr10k,Via della Stazione,Pontassieve,FI,RFI,silver,"0100","20190904","20191024",./0.png
11.3226831077845,43.331842752487,"62","62",RTT0903221SF,SIENA,RTT0903221GK,"1688329.47","4800301.14","0400","variazione di sede/sottopasso (SOT_PAS, COD_SED)","0201",estrazione da ctr10k,Piazza Rosselli 7,Siena,SI,Centostazioni,gold,"0100","20190904","20191024",./0.png
11.0957209531776,43.7754683150538,"63","63",RTT0901430SF,SIGNA,RTT0901430GK,"1668686.72","4849085.41","0400","variazione di sede/sottopasso (SOT_PAS, COD_SED)","0201",estrazione da ctr10k,Piazza Stazione n. 1,Signa,FI,RFI,silver,"0100","20190904","20191024",./0.png
11.7448915366247,43.2163810763051,"64","64",RTT0900023SF,SINALUNGA,RTT0900023GK,"1722981.26","4788516.88","0400","variazione di sede/sottopasso (SOT_PAS, COD_SED)","0201",estrazione da ctr10k,Piazza Stazione n. 25,Sinalunga,SI,RFI,silver,"0100","20190904","20191024",./0.png
11.1184957510154,42.9292141510733,"65","65",RTT0902309SF,STICCIANO,RTT0902309GK,"1672905.935534","4755145.573624","0400","variazione di sede/sottopasso (SOT_PAS, COD_SED)","0201",estrazione da ctr10k,Piazza Stazione,Roccastrada,GR,RFI,bronze,"0100","20190904","20191024",./0.png
11.865337953353,43.5738081085427,"66","66",RTT0903380SF,SUBBIANO,RTT0903380GK,"1731400.14","4828543.12","0400","variazione di sede/sottopasso (SOT_PAS, COD_SED)","0201",estrazione da ctr10k,Viale Stazione di Subbiano,Capolona,AR,TFT,,"0100","20190904","20191024",./0.png
11.1645531820472,42.5646466452773,"67","67",RTT0903240SF,TALAMONE,RTT0903240GK,"1677703.07","4714755.39","0400","variazione di sede/sottopasso (SOT_PAS, COD_SED)","0201",estrazione da ctr10k,Via dei Fiori n. 164,Orbetello,GR,RFI,silver,"0100","20190904","20191024",./0.png
12.0081042748281,43.2103348745173,"68","68",RTT0900217SF,TERONTOLA-CORTONA,RTT0900217GK,"1744386.14","4788580.92","0400","variazione di sede/sottopasso (SOT_PAS, COD_SED)","0201",estrazione da ctr10k,Piazza Nazioni Unite,Cortona,AR,RFI,silver,"0100","20190904","20191024",./0.png
9.95960227370469,44.2380877884365,"69","69",RTT0900986SF,TERRAROSSA-TRESANA,RTT0900986GK,"1576655.636461","4898782.154974","0400","variazione di sede/sottopasso (SOT_PAS, COD_SED)","0201",estrazione da ctr10k,Via della Cisa,Licciarda Nardi,MS,,,"0200","20190904","20191024",./0.png
10.3527272727946,43.6314903160831,"70","70",RTT0900623SF,TOMBOLO,RTT0900623GK,"1609152.155029","4831849.339424","0400","variazione di sede/sottopasso (SOT_PAS, COD_SED)","0201",estrazione da ctr10k,Via Vecchia Aurelia,Pisa,LU,,,"0200","20190904","20191024",./0.png
10.2903318809507,43.8264598754936,"71","71",RTT0903267SF,TORRE DEL LAGO PUCCINI,RTT0903267GK,"1603781.57","4853423.71","0400","variazione di sede/sottopasso (SOT_PAS, COD_SED)","0201",estrazione da ctr10k,Via D. Alighieri n. 14,Viareggio,LU,RFI,silver,"0100","20190904","20191024",./0.png
11.5524310877657,43.0866264834202,"72","72",RTT0903334SF,TORRENIERI - MONTALCINO,RTT0903334GK,"1707787.22","4773611.09","0400","variazione di sede/sottopasso (SOT_PAS, COD_SED)","0201",estrazione da ctr10k,Viale Bindo Crocchi,Montalcino,SI,,,"0200","20190904","20191024",./0.png
11.7877774597653,43.1741166753941,"73","73",RTT0902491SF,TORRITA DI SIENA,RTT0902491GK,"1726621.29","4783938.13","0400","variazione di sede/sottopasso (SOT_PAS, COD_SED)","0201",estrazione da ctr10k,Via A. Grandi,Torrita di Siena,SI,RFI,bronze,"0100","20190904","20191024",./0.png
11.6031922676774,43.1941853450116,"74","74",RTT0902485SF,TREQUANDA,RTT0902485GK,"1711547.9","4785683.72","0400","variazione di sede/sottopasso (SOT_PAS, COD_SED)","0201",estrazione da ctr10k,Localita' Casa Cantoniera F.S. n. 14,Trequanda,SI,,,"0200","20190904","20191024",./0.png
11.2833027433847,43.906028486828,"75","75",RTT0901584SF,VAGLIA,RTT0901584GK,"1683382.86","4863986.05","0400","variazione di sede/sottopasso (SOT_PAS, COD_SED)","0201",estrazione da ctr10k,Viale Stazione,Vaglia,FI,RFI,bronze,"0100","20190904","20191024",./0.png
11.130753543346,43.9618371180921,"76","76",RTT0901363SF,VAIANO,RTT0901363GK,"1670972.49","4869857.45","0400","variazione di sede/sottopasso (SOT_PAS, COD_SED)","0201",estrazione da ctr10k,Via di Moschignano,Vaiano,PO,RFI,silver,"0100","20190904","20191024",./0.png
10.9100119590904,43.9654723170858,"77","77",RTT0901208SF,VALDIBRANA,RTT0901208GK,"1653253.290955","4869827.599606","0400","variazione di sede/sottopasso (SOT_PAS, COD_SED)","0201",estrazione da ctr10k,Via Stazione di Valdibrana,Pistoia,PT,,,"0200","20190904","20191024",./0.png
11.1523301486772,44.0439928751724,"78","78",RTT0901385SF,VERNIO-MONTEPIANO-CANTAGALLO,RTT0901385GK,"1672465.35","4879027.65","0400","variazione di sede/sottopasso (SOT_PAS, COD_SED)","0201",estrazione da ctr10k,Via Roma,Vernio,PO,RFI,silver,"0100","20190904","20191024",./0.png
11.8272191846271,43.4571418195196,"79","79",RTT0903663SF,VIA CHIARI,RTT0903724GK,"1728762.52131","4815479.793051","0400","variazione di sede/sottopasso (SOT_PAS, COD_SED)","0700",da integrazione grafi,S.C. della Sella,Arezzo,AR,TFT,,"0300","20190904","20191024",./0.png
10.4604142093307,43.6092900276261,"80","80",RTT0900629SF,VICARELLO,RTT0900629GK,"1617882.768382","4829530.83126","0400","variazione di sede/sottopasso (SOT_PAS, COD_SED)","0201",estrazione da ctr10k,Via delle Colline,Collesalvetti,LI,,,"0200","20190904","20191024",./0.png
11.457656499431,43.9334519672357,"81","81",RTT0901662SF,VICCHIO,RTT0901662GK,"1697293.63","4867433.93","0400","variazione di sede/sottopasso (SOT_PAS, COD_SED)","0201",estrazione da ctr10k,Via B. Angelico n. 61,Vicchio,FI,RFI,silver,"0100","20190904","20191024",./0.png
10.6673053135132,42.9675671986966,"82","82",RTT0900387SF,VIGNALE RIOTORTO,RTT0900387GK,"1636001.31","4758576.12","0400","variazione di sede/sottopasso (SOT_PAS, COD_SED)","0201",estrazione da ctr10k,Piazza Stazione n. 1,Piombino,LI,RFI,bronze,"0100","20190904","20191024",./0.png
10.3676090133781,44.1467580432482,"83","83",RTT0900926SF,VILLETTA S.ROMANO,RTT0900926GK,"1609405.71","4889099.29","0400","variazione di sede/sottopasso (SOT_PAS, COD_SED)","0201",estrazione da ctr10k,Via della Stazione n. 1,S.Romano in Garfagnana,LU,RFI,bronze,"0100","20190904","20191024",./0.png
10.8097839967793,43.3600629052789,"84","84",RTT0900114SF,VOLTERRA-SALINE-POMARANCE,RTT0900114GK,"1646679.21","4802405.96","0400","variazione di sede/sottopasso (SOT_PAS, COD_SED)","0205",estrazione da ctr25k,Piazza Ginori Conti 1,Volterra,PI,RFI,bronze,"0100","20190904","20191024",./0.png
11.2057284711166,43.8260670819861,"85","85",RTT0902813SF,ZAMBRA,RTT0902813GK,"1677390.310912","4854935.38568","0400","variazione di sede/sottopasso (SOT_PAS, COD_SED)","0201",estrazione da ctr10k,Via Ruffini,Sesto Fiorentino,FI,RFI,silver,"0100","20190904","20191024",./0.png
10.4519621599468,44.0681021167297,"86","86",RTT0900900SF,BARGA-GALLICANO,RTT0900900GK,"1616306.24","4880478.34","0400","variazione di sede/sottopasso (SOT_PAS, COD_SED)","0205",estrazione da ctr25k,Via della Stazione,Barga,LU,RFI,bronze,"0100","20190904","20191024",./0.png
10.2476798597958,43.9122014504512,"87","87",RTT0900724SF,CAMAIORE LIDO CAPEZZANO,RTT0900724GK,"1600208.229496","4862894.297905","0400","variazione di sede/sottopasso (SOT_PAS, COD_SED)","0201",estrazione da ctr10k,Piazza Stazione,Camaiore,LU,RFI,bronze,"0100","20190904","20191024",./0.png
10.9591342479931,43.6306124942659,"88","88",RTT0900086SF,CAMBIANO,RTT0900086GK,"1658074.453325","4832727.513512","0400","variazione di sede/sottopasso (SOT_PAS, COD_SED)","0201",estrazione da ctr10k,Castelfiorentino,Castelfiorentino,FI,RFI,bronze,"0100","20190904","20191024",./0.png
10.5864212131151,43.0172297349726,"89","89",RTT0900012SF,CAMPIGLIA MARITTIMA,RTT0900012GK,"1629300.66","4763963.64","0400","variazione di sede/sottopasso (SOT_PAS, COD_SED)","0201",estrazione da ctr10k,Via della Stazione,Campiglia Marittima,LI,RFI,silver,"0100","20190904","20191024",./0.png
11.3033579526614,43.937118339767,"90","90",RTT0901601SF,CAMPOMIGLIAIO,RTT0901601GK,"1684897.05","4867483.98","0400","variazione di sede/sottopasso (SOT_PAS, COD_SED)","0201",estrazione da ctr10k,Localita' Campomigliaio,Scarperia e San Piero,FI,RFI,bronze,"0100","20190904","20191024",./0.png
10.3354384711871,44.1608134637072,"91","91",RTT0902925SF,CAMPORGIANO,RTT0902925GK,"1606807.414616","4890618.210415","0400","variazione di sede/sottopasso (SOT_PAS, COD_SED)","0201",estrazione da ctr10k,Via della stazione 1,Camporgiano,LU,RFI,bronze,"0100","20190904","20191024",./0.png
11.9711841768963,43.2613209683524,"92","92",RTT0902587SF,CAMUCIA CORTONA,RTT0902587GK,"1741185.5","4794136.42","0400","variazione di sede/sottopasso (SOT_PAS, COD_SED)","0201",estrazione da ctr10k,Piazza della Liberta' 5,Cortona,AR,RFI,silver,"0100","20190904","20191024",./0.png
11.3710961955479,42.4080710513369,"93","93",RTT0900032SF,CAPALBIO,RTT0900032GK,"1695144.1","4697821.95","0400","variazione di sede/sottopasso (SOT_PAS, COD_SED)","0201",estrazione da ctr10k,Piazza Aldo Moro,Capalbio,GR,RFI,silver,"0100","20190904","20191024",./0.png
11.8568746332841,43.5636536410599,"94","94",RTT0903661SF,CAPOLONA,RTT0903830GK,"1730755.493314","4827391.736977","0400","variazione di sede/sottopasso (SOT_PAS, COD_SED)","0300",da ortofoto,Via Petrarca,Capolona,AR,TFT,,"0100","20190904","20191024",./0.png
9.92717458459757,44.1734414724819,"95","95",RTT0900974SF,CAPRIGLIOLA-ALBIANO,RTT0900974GK,"1574147.13","4891571.87","0400","variazione di sede/sottopasso (SOT_PAS, COD_SED)","0201",estrazione da ctr10k,Strada Statale 62 della Cisa,Aulla,MS,,,"0200","20190904","20191024",./0.png
11.064317455699,43.7765318367272,"96","96",RTT0901412SF,CARMIGNANO,RTT0901412GK,"1666156.43","4849140.04","0400","variazione di sede/sottopasso (SOT_PAS, COD_SED)","0201",estrazione da ctr10k,Piazza Stazione,Carmignano,PO,,,"0200","20190904","20191024",./0.png
10.0628882109128,44.051274926013,"97","97",RTT0900765SF,CARRARA-AVENZA,RTT0900765GK,"1585171.54","4878133.76","0400","variazione di sede/sottopasso (SOT_PAS, COD_SED)","0201",estrazione da ctr10k,Via Petacchi n.2,Carrara,MS,RFI,silver,"0100","20190904","20191024",./0.png
10.5454483154801,43.6745307989609,"98","98",RTT0903294SF,CASCINA,RTT0903294GK,"1624610.24","4836900.95","0400","variazione di sede/sottopasso (SOT_PAS, COD_SED)","0201",estrazione da ctr10k,Piazza Stazione n. 62,Cascina,PI,RFI,silver,"0100","20190904","20191024",./0.png
11.6605583352919,43.4965533866962,"99","99",RTT0901908SF,LATERINA,RTT0901908GK,"1715138.36","4819412.64","0400","variazione di sede/sottopasso (SOT_PAS, COD_SED)","0201",estrazione da ctr10k,Piazza Unita' d'Italia,Pergine Valdarno,AR,RFI,bronze,"0100","20190904","20191024",./0.png
10.6629463865876,43.3285769175962,"100","100",RTT0900115SF,CASINO DI TERRA,RTT0900115GK,"1634849.96","4798661.52","0400","variazione di sede/sottopasso (SOT_PAS, COD_SED)","0201",estrazione da ctr10k,S.S. 68 - loc. Casino,Guardistallo,PI,RFI,bronze,"0100","20190904","20191024",./0.png
11.0376637355588,43.5471961253878,"101","101",RTT0902147SF,CERTALDO,RTT0902147GK,"1664636.96","4823615.34","0400","variazione di sede/sottopasso (SOT_PAS, COD_SED)","0201",estrazione da ctr10k,Piazza Masini n.2,Certaldo,FI,RFI,silver,"0100","20190904","20191024",./0.png
11.4461654785793,42.387641370671,"102","102",RTT0900028SF,CHIARONE,RTT0900028GK,"1701387.24","4695728.5","0400","variazione di sede/sottopasso (SOT_PAS, COD_SED)","0201",estrazione da ctr10k,Via Litoranea,Capalbio,GR,,,"0200","20190904","20191024",./0.png
11.9579269638467,43.0024636784016,"103","103",RTT0900019SF,CHIUSI-CHIANCIANO TERME,RTT0900019GK,"1741124.92","4765348.81","0400","variazione di sede/sottopasso (SOT_PAS, COD_SED)","0201",estrazione da ctr10k,Piazza Dante,Chiusi,SI,RFI,silver,"0100","20190904","20191024",./0.png
11.7693868427069,43.40127857347,"104","104",RTT0903662SF,CIVITELLA BADIA A PINO,RTT0903831GK,"1724289.703209","4809117.992043","0400","variazione di sede/sottopasso (SOT_PAS, COD_SED)","0300",da ortofoto,Via Antonio Gramsci,Civitella in Val di Chiana,AR,TFT,,"0100","20190904","20191024",./0.png
10.4705188812659,43.586606050189,"105","105",RTT0900102SF,COLLESALVETTI,RTT0900102GK,"1618742.816875","4827025.845533","0400","variazione di sede/sottopasso (SOT_PAS, COD_SED)","0201",estrazione da ctr10k,Via Pisana Livornese,Collesalvetti,LI,,,"0200","20190904","20191024",./0.png
11.3586386696961,43.7825162881221,"106","106",RTT0900050SF,COMPIOBBI,RTT0900050GK,"1689824.05","4850437.47","0400","variazione di sede/sottopasso (SOT_PAS, COD_SED)","0201",estrazione da ctr10k,Via della Stazione,Fiesole,FI,RFI,bronze,"0100","20190904","20191024",./0.png
11.531505101657,43.865286735833,"107","107",RTT0901668SF,CONTEA-LONDA,RTT0901668GK,"1703453.396161","4860041.817523","0400","variazione di sede/sottopasso (SOT_PAS, COD_SED)","0201",estrazione da ctr10k,Via Nazionale,Dicomano,FI,RFI,silver,"0100","20190904","20191024",./0.png
10.9199365482048,43.9940904892893,"108","108",RTT0901221SF,CORBEZZI,RTT0901221GK,"1653975.5","4873024.75","0400","variazione di sede/sottopasso (SOT_PAS, COD_SED)","0201",estrazione da ctr10k,Via Stazione di Corbezzi 4,Pistoia,PT,RFI,bronze,"0100","20190904","20191024",./0.png
11.8257220499039,43.6859740990741,"109","109",RTT0902029SF,CORSALONE,RTT0902029GK,"1727776.82","4840891.73","0400","variazione di sede/sottopasso (SOT_PAS, COD_SED)","0201",estrazione da ctr10k,C.S. Casello,Bibbiena,AR,TFT,,"0100","20190904","20191024",./0.png
11.5484428592282,44.0417997269614,"110","110",RTT0902753SF,CRESPINO DEL LAMONE,RTT0902753GK,"1704208.93","4879689.51","0400","variazione di sede/sottopasso (SOT_PAS, COD_SED)","0201",estrazione da ctr10k,Via della Stazione,Marradi,FI,RFI,bronze,"0100","20190904","20191024",./0.png
11.4066211771089,43.2429335940451,"111","111",RTT0900089SF,CUNA,RTT0900089GK,"1695419.177989","4790619.522469","0400","variazione di sede/sottopasso (SOT_PAS, COD_SED)","0201",estrazione da ctr10k,Via Comunale,Monteroni d'Arbia,SI,,,"0200","20190904","20191024",./0.png
11.5191818833606,43.8934786684745,"112","112",RTT0901665SF,DICOMANO,RTT0901665GK,"1702367.622134","4863142.887152","0400","variazione di sede/sottopasso (SOT_PAS, COD_SED)","0201",estrazione da ctr10k,Via Nazionale,Dicomano,FI,RFI,silver,"0100","20190904","20191024",./0.png
10.5078495069644,43.9594160038878,"113","113",RTT0900865SF,DIECIMO-PESCAGLIA,RTT0900865GK,"1621002.713203","4868486.807111","0400","variazione di sede/sottopasso (SOT_PAS, COD_SED)","0205",estrazione da ctr25k,Piazza Stazione 18,Borgo a Mozzano,LU,RFI,bronze,"0100","20190904","20191024",./0.png
10.4703237354071,43.3527307941193,"114","114",RTT0902867SF,VADA,RTT0902867GK,"1619185.63","4801051.01","0400","variazione di sede/sottopasso (SOT_PAS, COD_SED)","0201",estrazione da ctr10k,Stazione n.1,Rosignano Marittimo,LI,RFI,silver,"0100","20190904","20191024",./0.png
10.5705289823282,43.8341467277561,"115","115",RTT0903426SF,TASSIGNANO-CAPANNORI,RTT0903426GK,"1626296.02","4854666.98","0400","variazione di sede/sottopasso (SOT_PAS, COD_SED)","0201",estrazione da ctr10k,Stazione n.50,Capannori,LU,RFI,bronze,"0100","20190904","20191024",./0.png
10.5406910276898,42.9964876399106,"116","116",RTT0900405SF,POPULONIA,RTT0900405GK,"1625616.39","4761590.78","0400","variazione di sede/sottopasso (SOT_PAS, COD_SED)","0201",estrazione da ctr10k,Via delle Grotte 15,Piombino,LI,RFI,bronze,"0100","20190904","20191024",./0.png
10.9148365558727,44.0280335918488,"117","117",RTT0901224SF,S.MOMME',RTT0901224GK,"1653478.994832","4876785.38329","0400","variazione di sede/sottopasso (SOT_PAS, COD_SED)","0205",estrazione da ctr25k,Via Valdi e S.Momme 58/60,Pistoia,PT,RFI,bronze,"0100","20190904","20191024",./0.png
11.322622414184,43.9582916646442,"118","118",RTT0901618SF,S.PIERO A SIEVE,RTT0901618GK,"1686377.08","4869879.08","0400","variazione di sede/sottopasso (SOT_PAS, COD_SED)","0201",estrazione da ctr10k,Piazza Stazione,Scarperia e San Piero,FI,RFI,silver,"0100","20190904","20191024",./0.png
10.9060012085814,43.6943888918181,"119","119",RTT0903305SF,PONTE A ELSA,RTT0903305GK,"1653625.3","4839711.14","0400","variazione di sede/sottopasso (SOT_PAS, COD_SED)","0201",estrazione da ctr10k,Piazza Stazione,Empoli,FI,RFI,bronze,"0100","20190904","20191024",./0.png
10.438108551543,43.3879016079503,"120","120",RTT0900070SF,ROSIGNANO,RTT0900070GK,"1616507.47","4804911.58","0400","variazione di sede/sottopasso (SOT_PAS, COD_SED)","0201",estrazione da ctr10k,Via della Stazione,Rosignano Marittimo,LI,RFI,silver,"0100","20190904","20191024",./0.png
10.193815237915,44.1943992523614,"121","121",RTT0900933SF,MINUCCIANO-PIEVE-CASOLA,RTT0900933GK,"1595429.15","4894174.61","0400","variazione di sede/sottopasso (SOT_PAS, COD_SED)","0201",estrazione da ctr10k,Piazza Stazione,Minucciano,LU,RFI,bronze,"0100","20190904","20191024",./0.png
9.94815018533231,44.2943961780582,"122","122",RTT0900997SF,VILLAFRANCA-BAGNONE,RTT0900997GK,"1575668.91","4905026.02","0400","variazione di sede/sottopasso (SOT_PAS, COD_SED)","0201",estrazione da ctr10k,Piazza Benedicenti,Villafranca in Lunigiana,MS,RFI,silver,"0100","20190904","20191024",./0.png
10.9070708024493,44.0550201589464,"123","123",RTT0901227SF,PRACCHIA,RTT0901227GK,"1652787.28","4879768.43","0400","variazione di sede/sottopasso (SOT_PAS, COD_SED)","0201",estrazione da ctr10k,Via Traversa di Pracchia,Pistoia,PT,RFI,bronze,"0100","20190904","20191024",./0.png
10.6853819797655,43.850796940554,"124","124",RTT0901073SF,MONTECARLO-S.SALVATORE,RTT0901073GK,"1635492.518484","4856698.023809","0400","variazione di sede/sottopasso (SOT_PAS, COD_SED)","0201",estrazione da ctr10k,Piazza Stazione,Montecarlo,LU,RFI,bronze,"0100","20190904","20191024",./0.png
10.2528816184796,43.8739534930879,"125","125",RTT0900715SF,VIAREGGIO,RTT0900715GK,"1600690.3","4858652.46","0400","variazione di sede/sottopasso (SOT_PAS, COD_SED)","0201",estrazione da ctr10k,Piazza Dante n. 41,Viareggio,LU,RFI,gold,"0100","20190904","20191024",./0.png
10.4071370225014,43.8299703216822,"126","126",RTT0900818SF,NOZZANO,RTT0900818GK,"1613167.23","4853966.7","0400","variazione di sede/sottopasso (SOT_PAS, COD_SED)","0201",estrazione da ctr10k,Via della Stazione,Lucca,LU,RFI,bronze,"0100","20190904","20191024",./0.png
10.296675271618,44.1825095051401,"127","127",RTT0902940SF,PIAZZA AL SERCHIO,RTT0902940GK,"1603669.932323","4892978.48452","0400","variazione di sede/sottopasso (SOT_PAS, COD_SED)","0201",estrazione da ctr10k,Piazza Stazione 4,Piazza al Serchio,LU,RFI,silver,"0100","20190904","20191024",./0.png
11.0688524697014,42.8694951579516,"128","128",RTT0900031SF,MONTEPESCALI,RTT0900031GK,"1669017.73","4748412.69","0400","variazione di sede/sottopasso (SOT_PAS, COD_SED)","0201",estrazione da ctr10k,Via Lapini n. 2 - Loc. Braccagni,Grosseto,GR,RFI,bronze,"0100","20190904","20191024",./0.png
10.1092650747617,44.1911160361811,"129","129",RTT0900949SF,GRAGNOLA,RTT0900949GK,"1588677.34","4893715.28","0400","variazione di sede/sottopasso (SOT_PAS, COD_SED)","0201",estrazione da ctr10k,Stazione n.1,Fivizzano,MS,RFI,bronze,"0100","20190904","20191024",./0.png
11.3044924408771,43.8363317167142,"130","130",RTT0901546SF,MIMMOLE,RTT0901546GK,"1685300.362693","4856292.017941","0400","variazione di sede/sottopasso (SOT_PAS, COD_SED)","0201",estrazione da ctr10k,,Fiesole,FI,,,"0200","20190904","20191024",./0.png
11.6674028193531,44.1135138883851,"131","131",RTT0903544SF,SAN MARTINO,RTT0903544GK,"1713482.14","4887956.96","0400","variazione di sede/sottopasso (SOT_PAS, COD_SED)","0201",estrazione da ctr10k,,Livorno,LI,,,"0200","20190904","20191024",./0.png
10.4442366291014,44.1185827930447,"132","132",RTT0902904SF,FOSCIANDORA-CESERANA,RTT0902904GK,"1615589.2","4886074.5","0400","variazione di sede/sottopasso (SOT_PAS, COD_SED)","0201",estrazione da ctr10k,Via Ponte di Ceserana n.10,Fosciandora,LU,RFI,bronze,"0100","20190904","20191024",./0.png
10.6837783259533,43.6573295468656,"133","133",RTT0902887SF,LA ROTTA,RTT0902887GK,"1635800.364496","4835207.501018","0400","variazione di sede/sottopasso (SOT_PAS, COD_SED)","0201",estrazione da ctr10k,,Pontedera,PI,,,"0200","20190904","20191024",./0.png
11.2491444392102,42.4504883333908,"134","134",RTT0900083SF,ORBETELLO-MONTE ARGENTARIO,RTT0900083GK,"1684983.392017","4702259.267042","0400","variazione di sede/sottopasso (SOT_PAS, COD_SED)","0201",estrazione da ctr10k,Via della Stazione 30,Orbetello,GR,RFI,silver,"0100","20190904","20191024",./0.png
11.9091369518489,43.0649650028818,"135","135",RTT0900021SF,MONTALLESE,RTT0900021GK,"1736907.14","4772151.29","0400","variazione di sede/sottopasso (SOT_PAS, COD_SED)","0201",estrazione da ctr10k,,Chiusi,SI,,,"0200","20190904","20191024",./0.png
11.3815759809433,43.255868578641,"136","136",RTT0900091SF,ISOLA D'ARBIA,RTT0900091GK,"1693344.763972","4791997.860997","0400","variazione di sede/sottopasso (SOT_PAS, COD_SED)","0201",estrazione da ctr10k,,Siena,SI,,,"0200","20190904","20191024",./0.png
11.2831684459697,42.9402473204812,"137","137",RTT0902256SF,CIVITELLA PAGANICO,RTT0902256GK,"1686311.25","4756722.57","0400","variazione di sede/sottopasso (SOT_PAS, COD_SED)","0201",estrazione da ctr10k,Via della Stazione,Civitella Paganico,GR,RFI,bronze,"0100","20190904","20191024",./0.png
11.1344181102374,42.6392837674998,"138","138",RTT0903242SF,ALBERESE,RTT0903242GK,"1675020.275091","4722980.992404","0400","variazione di sede/sottopasso (SOT_PAS, COD_SED)","0201",estrazione da ctr10k,Via di Alberese,Magliano in Toscana,GR,,,"0200","20190904","20191024",./0.png
11.752198166171,43.3861526218429,"139","139",RTT0903666SF,ALBERGO,RTT0903719GK,"1722953.191145","4807391.905237","0400","variazione di sede/sottopasso (SOT_PAS, COD_SED)","0700",da integrazione grafi,Via Vecchia Senese,Civitella Val di Chiana,AR,TFT,,"0300","20190904","20191024",./0.png
11.2114135050099,42.5021727809739,"140","140",RTT0900082SF,ALBINIA,RTT0900082GK,"1681730.82807","4707917.151358","0400","variazione di sede/sottopasso (SOT_PAS, COD_SED)","0201",estrazione da ctr10k,Via Stazione,Orbetello,GR,RFI,silver,"0100","20190904","20191024",./0.png
10.6727679686457,43.8174405218737,"141","141",RTT0901061SF,ALTOPASCIO,RTT0901061GK,"1634553.550943","4852972.584459","0400","variazione di sede/sottopasso (SOT_PAS, COD_SED)","0201",estrazione da ctr10k,Via Regina Elena n.1,Altopascio,LU,RFI,silver,"0100","20190904","20191024",./0.png
11.296263033944,42.414531571988,"142","142",RTT0900084SF,ANSEDONIA,RTT0900084GK,"1688966.362267","4698370.140719","0400","variazione di sede/sottopasso (SOT_PAS, COD_SED)","0201",estrazione da ctr10k,Strada Provinciale 68,Orbetello,GR,,,"0200","20190904","20191024",./0.png
10.3292158549342,43.4954341310077,"143","143",RTT0900605SF,ANTIGNANO,RTT0900605GK,"1607497.03","4816707.91","0400","variazione di sede/sottopasso (SOT_PAS, COD_SED)","0201",estrazione da ctr10k,Via della Salute,Livorno,LI,RFI,bronze,"0100","20190904","20191024",./0.png
11.8096241242175,43.6933202128201,"144","144",RTT0900138SF,BIBBIENA,RTT0900138GK,"1726451.64","4841663.56","0400","variazione di sede/sottopasso (SOT_PAS, COD_SED)","0201",estrazione da ctr10k,Piazza Stazione,Bibbiena,AR,TFT,,"0100","20190904","20191024",./0.png
10.5409015077242,43.2666358025243,"145","145",RTT0900453SF,BIBBONA-CASALE,RTT0900453GK,"1625081.91","4791592.58","0400","variazione di sede/sottopasso (SOT_PAS, COD_SED)","0201",estrazione da ctr10k,Via di Pietra,Bibbona,LI,,,"0200","20190904","20191024",./0.png
11.6022687014827,44.0684180973617,"146","146",RTT0902778SF,BIFORCO,RTT0902778GK,"1708428.144146","4882780.975929","0400","variazione di sede/sottopasso (SOT_PAS, COD_SED)","0201",estrazione da ctr10k,Via Cardeto,Marradi,FI,RFI,bronze,"0100","20190904","20191024",./0.png
10.5505254194445,43.244675171985,"147","147",RTT0900448SF,BOLGHERI,RTT0900448GK,"1625908.2","4789168.12","0400","variazione di sede/sottopasso (SOT_PAS, COD_SED)","0201",estrazione da ctr10k,Piazza Marcni 8,Bibbona,LI,RFI,bronze,"0100","20190904","20191024",./0.png
10.7300559129342,43.8807504535927,"148","148",RTT0901138SF,BORGO A BUGGIANO,RTT0901138GK,"1639013.688307","4860099.094211","0400","variazione di sede/sottopasso (SOT_PAS, COD_SED)","0201",estrazione da ctr10k,Piazza Dante 11,Buggiano,PT,RFI,bronze,"0100","20190904","20191024",./0.png
10.5412959853188,43.9772037328001,"149","149",RTT0900872SF,BORGO A MOZZANO,RTT0900872GK,"1623649.27","4870512.07","0400","variazione di sede/sottopasso (SOT_PAS, COD_SED)","0201",estrazione da ctr10k,Piazza Marconi n. 1,Borgo a Mozzano,LU,RFI,bronze,"0100","20190904","20191024",./0.png
11.380283750647,43.9598266797113,"150","150",RTT0900038SF,BORGO S.LORENZO,RTT0900038GK,"1690998.58","4870181.43","0400","variazione di sede/sottopasso (SOT_PAS, COD_SED)","0201",estrazione da ctr10k,Piazza della Repubblica,Borgo S.Lorenzo,FI,RFI,silver,"0100","20190904","20191024",./0.png
11.3988237859416,43.9537845917364,"151","151",RTT0901659SF,BORGO S.LORENZO-RIMORELLI,RTT0901659GK,"1692505.602307","4869553.401304","0400","variazione di sede/sottopasso (SOT_PAS, COD_SED)","0201",estrazione da ctr10k,Via Modigliani,Borgo S.Lorenzo,FI,RFI,bronze,"0100","20190904","20191024",./0.png
10.22984783582,43.9558275982171,"152","152",RTT0900735SF,PIETRASANTA,RTT0900735GK,"1598704.26","4867718.37","0400","variazione di sede/sottopasso (SOT_PAS, COD_SED)","0201",estrazione da ctr10k,Piazza Stazione 1,Pietrasanta,LU,RFI,silver,"0100","20190904","20191024",./0.png
10.5309770892625,42.9248325980913,"153","153",RTT0900016SF,PIOMBINO,RTT0900016GK,"1624969.45","4753618.83","0400","variazione di sede/sottopasso (SOT_PAS, COD_SED)","0201",estrazione da ctr10k,Piazza Nicolini,Piombino,LI,RFI,silver,"0100","20190904","20191024",./0.png
10.5465314936015,42.9297094277293,"154","154",RTT0900014SF,PIOMBINO MARITTIMA,RTT0900014GK,"1626228.91","4754183.63","0400","variazione di sede/sottopasso (SOT_PAS, COD_SED)","0201",estrazione da ctr10k,Piazzale Premuda,Piombino,LI,RFI,silver,"0100","20190904","20191024",./0.png
10.3984286011187,43.698532583695,"155","155",RTT0900125SF,PISA AEROPORTO,RTT0900125GK,"1612713.47","4839356.46","0400","variazione di sede/sottopasso (SOT_PAS, COD_SED)","0201",estrazione da ctr10k,Via S. Giusto,Pisa,PI,RFI,silver,"0100","20190904","20191024",./0.png
10.3983486316898,43.7080350571378,"156","156",RTT0900108SF,PISA CENTRALE,RTT0900108GK,"1612689.23","4840411.75","0400","variazione di sede/sottopasso (SOT_PAS, COD_SED)","0201",estrazione da ctr10k,Piazza Stazione 9,Pisa,PI,Centostazioni,platinum,"0100","20190904","20191024",./0.png
10.3878840042498,43.7234123343004,"157","157",RTT0900698SF,PISA S.ROSSORE,RTT0900698GK,"1611817.517836","4842105.47628","0400","variazione di sede/sottopasso (SOT_PAS, COD_SED)","0201",estrazione da ctr10k,Via A. Pisano n. 1,Pisa,PI,RFI,silver,"0100","20190904","20191024",./0.png
10.9146209140819,43.926737615454,"158","158",RTT0900068SF,PISTOIA,RTT0900068GK,"1653722.830909","4865533.857266","0400","variazione di sede/sottopasso (SOT_PAS, COD_SED)","0201",estrazione da ctr10k,Piazza Dante 11,Pistoia,PT,Centostazioni,gold,"0100","20190904","20191024",./0.png
10.9041438194752,43.9336704032705,"159","159",RTT0901207SF,PISTOIA OVEST,RTT0901207GK,"1652864.014091","4866284.440404","0400","variazione di sede/sottopasso (SOT_PAS, COD_SED)","0201",estrazione da ctr10k,Viale Adua,Pistoia,PT,RFI,bronze,"0100","20190904","20191024",./0.png
10.9013068714836,44.0097428057681,"160","160",RTT0900055SF,PITECCIO,RTT0900055GK,"1652441.59","4874728.68","0400","variazione di sede/sottopasso (SOT_PAS, COD_SED)","0201",estrazione da ctr10k,Via Stazione di Piteccio,Pistoia,PT,,,"0200","20190904","20191024",./0.png
11.1494862234538,43.4680888530082,"161","161",RTT0903461SF,POGGIBONSI-S.GIMIGNANO,RTT0903461GK,"1673897.61","4815056.81","0400","variazione di sede/sottopasso (SOT_PAS, COD_SED)","0201",estrazione da ctr10k,Piazzale Mazzini n. 22,Poggibonsi,SI,RFI,silver,"0100","20190904","20191024",./0.png
10.350670972,44.148502745243,"162","162",RTT0903229SF,POGGIO-CAREGGINE-VAGLI,RTT0903229GK,"1608047.85","4889270.7","0400","variazione di sede/sottopasso (SOT_PAS, COD_SED)","0201",estrazione da ctr10k,Piazza Stazione,Camporgiano,LU,RFI,bronze,"0100","20190904","20191024",./0.png
11.6176108434389,43.4805196854118,"163","163",RTT0900237SF,BUCINE,RTT0900237GK,"1711721.86","4817521.68","0400","variazione di sede/sottopasso (SOT_PAS, COD_SED)","0201",estrazione da ctr10k,Piazza Dante,Bucine,AR,RFI,bronze,"0100","20190904","20191024",./0.png
11.4837950711295,43.1362788170669,"164","164",RTT0903324SF,BUONCONVENTO,RTT0903324GK,"1702036.75","4778957.64","0400","variazione di sede/sottopasso (SOT_PAS, COD_SED)","0201",estrazione da ctr10k,Via Cassia n. 7,Buonconvento,SI,RFI,bronze,"0100","20190904","20191024",./0.png
10.5321454903508,44.0200309727909,"165","165",RTT0902902SF,CALAVORNO,RTT0902902GK,"1622826.97","4875255.28","0400","variazione di sede/sottopasso (SOT_PAS, COD_SED)","0201",estrazione da ctr10k,Corso Nazionale,Coreglia Antelminelli,LU,,,"0200","20190904","20191024",./0.png
11.8635416203,43.6147644791941,"166","166",RTT0902012SF,CALBENZANO,RTT0902012GK,"1731098.2","4833087.1","0400","variazione di sede/sottopasso (SOT_PAS, COD_SED)","0201",estrazione da ctr10k,Localita' Santa Mama,Subbiano,AR,TFT,,"0100","20190904","20191024",./0.png
11.1453411390144,43.8564144354611,"167","167",RTT0902845SF,CALENZANO,RTT0902845GK,"1672447","4858178.35","0400","variazione di sede/sottopasso (SOT_PAS, COD_SED)","0201",estrazione da ctr10k,Piazza Stazione,Calenzano,FI,RFI,silver,"0100","20190904","20191024",./0.png
10.5637610043841,43.1687343442681,"168","168",RTT0900429SF,CASTAGNETO CARDUCCI-DONORATICO,RTT0900429GK,"1627140.36","4780754.36","0400","variazione di sede/sottopasso (SOT_PAS, COD_SED)","0201",estrazione da ctr10k,Via della Stazione n.30,Castagneto Carducci,LI,RFI,silver,"0100","20190904","20191024",./0.png
10.9154045216575,44.0123714163552,"169","169",RTT0903021SF,CASTAGNO,RTT0903021GK,"1653564.932843","4875046.803494","0400","variazione di sede/sottopasso (SOT_PAS, COD_SED)","0201",estrazione da ctr10k,Via di Castagno,Pistoia,PT,RFI,bronze,"0100","20190904","20191024",./0.png
10.9679832488124,43.6055637550802,"170","170",RTT0900087SF,CASTELFIORENTINO,RTT0900087GK,"1658854.270056","4829962.341918","0400","variazione di sede/sottopasso (SOT_PAS, COD_SED)","0201",estrazione da ctr10k,Via Ridolfi,Castelfiorentino,FI,RFI,silver,"0100","20190904","20191024",./0.png
11.2124007607524,43.4087585728475,"171","171",RTT0903226SF,CASTELLINA IN CHIANTI-MONTERIGGIONI,RTT0903226GK,"1679161.88","4808600.69","0400","variazione di sede/sottopasso (SOT_PAS, COD_SED)","0201",estrazione da ctr10k,Piazza Stazione,Monteriggioni,SI,RFI,silver,"0100","20190904","20191024",./0.png
10.4956748435842,43.4061792277143,"172","172",RTT0903279SF,CASTELLINA MARITTIMA,RTT0903279GK,"1621133.75","4807023.5","0400","variazione di sede/sottopasso (SOT_PAS, COD_SED)","0201",estrazione da ctr10k,Via di Poggiberna,Castellina Marittima,PI,,,"0200","20190904","20191024",./0.png
11.4849414935137,43.3068853404053,"173","173",RTT0903213SF,CASTELNUOVO BERARDENGA,RTT0903213GK,"1701566.947102","4797908.200117","0400","variazione di sede/sottopasso (SOT_PAS, COD_SED)","0201",estrazione da ctr10k,Piazza Stazione,Asciano,SI,RFI,bronze,"0100","20190904","20191024",./0.png
10.4090625833351,44.1163756451463,"174","174",RTT0900919SF,CASTELNUOVO DI GARFAGNANA,RTT0900919GK,"1612778.89","4885780.56","0400","variazione di sede/sottopasso (SOT_PAS, COD_SED)","0201",estrazione da ctr10k,Via della Stazione n.10,Castelnuovo di Garfagnana,LU,RFI,silver,"0100","20190904","20191024",./0.png
10.455102427097,44.0900839220141,"175","175",RTT0900902SF,CASTELVECCHIO PASCOLI,RTT0900902GK,"1616514.592909","4882924.354991","0400","variazione di sede/sottopasso (SOT_PAS, COD_SED)","0201",estrazione da ctr10k,Via Stazione n.46,Barga,LU,RFI,bronze,"0100","20190904","20191024",./0.png
11.1006319166108,43.7673073819148,"176","176",RTT0903658SF,LASTRA A SIGNA,RTT0903712GK,"1669104.949314","4848189.001346","0400","variazione di sede/sottopasso (SOT_PAS, COD_SED)","0700",da integrazione grafi,Via Stazione,Lastra a Signa,FI,RFI,silver,"0100","20190904","20191024",./0.png
11.2683960719156,43.7863061197223,"177","177",RTT0900065SF,LE CURE,RTT0900065GK,"1682550.619586","4850655.434647","0400","variazione di sede/sottopasso (SOT_PAS, COD_SED)","0201",estrazione da ctr10k,Piazza delle Cure,Firenze,FI,RFI,bronze,"0100","20190904","20191024",./0.png
11.1735149536963,43.7897847186424,"178","178",RTT0903659SF,LE PIAGGE,RTT0903713GK,"1674905.818156","4850836.944691","0400","variazione di sede/sottopasso (SOT_PAS, COD_SED)","0700",da integrazione grafi,Piazza Cavallotti n. 1,Firenze,FI,RFI,silver,"0100","20190904","20191024",./0.png
10.3366541551435,43.554165027695,"179","179",RTT0903258SF,LIVORNO CENTRALE,RTT0903258GK,"1607993.652762","4823240.325107","0400","variazione di sede/sottopasso (SOT_PAS, COD_SED)","0201",estrazione da ctr10k,Piazza Dante 51,Livorno,LI,Centostazioni,gold,"0100","20190904","20191024",./0.png
10.5061430995071,43.8371898170706,"180","180",RTT0900060SF,LUCCA,RTT0900060GK,"1621113.25","4854908.71","0400","variazione di sede/sottopasso (SOT_PAS, COD_SED)","0201",estrazione da ctr10k,Piazzale Ricasoli,Lucca,LU,Centostazioni,gold,"0100","20190904","20191024",./0.png
11.7718764191126,43.2885260801112,"181","181",RTT0900159SF,LUCIGNANO,RTT0900159GK,"1724907.43","4796601.86","0400","variazione di sede/sottopasso (SOT_PAS, COD_SED)","0201",estrazione da ctr10k,Localita' Fossatone,Lucignano,AR,TFT,,"0100","20190904","20191024",./0.png
11.7316929243888,43.3320814138701,"182","182",RTT0900162SF,MONTE SAN SAVINO,RTT0900162GK,"1721488.91","4801331.86","0400","variazione di sede/sottopasso (SOT_PAS, COD_SED)","0201",estrazione da ctr10k,Localita' Giardino,Monte San Savino,AR,TFT,,"0100","20190904","20191024",./0.png
11.6192515438518,44.0797666665336,"183","183",RTT0902785SF,MARRADI-PALAZZUOLO SUL SENIO,RTT0902785GK,"1709748.13","4884084.65","0400","variazione di sede/sottopasso (SOT_PAS, COD_SED)","0201",estrazione da ctr10k,Via Baccarini n.12,Marradi,FI,RFI,silver,"0100","20190904","20191024",./0.png
10.1360848606786,44.0237439823938,"184","184",RTT0900749SF,MASSA CENTRO,RTT0900749GK,"1591077.25","4875154.08","0400","variazione di sede/sottopasso (SOT_PAS, COD_SED)","0201",estrazione da ctr10k,Piazza IV Novembre,Massa,MS,Centostazioni,silver,"0100","20190904","20191024",./0.png
10.3461143767342,43.8590166765413,"185","185",RTT0900793SF,MASSAROSA-BOZZANO,RTT0900793GK,"1608208.19","4857111.19","0400","variazione di sede/sottopasso (SOT_PAS, COD_SED)","0201",estrazione da ctr10k,Piazza Stazione 3,Massarosa,LU,RFI,bronze,"0100","20190904","20191024",./0.png
11.785714866164,43.711504992786,"186","186",RTT0903664SF,MEMMENANO,RTT0903722GK,"1724456.851321","4843618.307928","0400","variazione di sede/sottopasso (SOT_PAS, COD_SED)","0700",da integrazione grafi,Via di Memmenano,Poppi,AR,TFT,,"0300","20190904","20191024",./0.png
10.342152159828,43.7642281979018,"187","187",RTT0900707SF,MIGLIARINO PISANO,RTT0900707GK,"1608060.48","4846578.09","0400","variazione di sede/sottopasso (SOT_PAS, COD_SED)","0201",estrazione da ctr10k,Via Aurelia,Vecchiano,PI,,,"0200","20190904","20191024",./0.png
11.4380747858446,43.7740661634312,"188","188",RTT0900045SF,PONTASSIEVE,RTT0900045GK,"1696244","4849684.14","0400","variazione di sede/sottopasso (SOT_PAS, COD_SED)","0205",estrazione da ctr25k,Piazza Stazione n. 5,Pontassieve,FI,RFI,silver,"0100","20190904","20191024",./0.png
10.5342440799734,43.908396530511,"189","189",RTT0900854SF,PONTE A MORIANO,RTT0900854GK,"1623225.67","4862859.09","0400","variazione di sede/sottopasso (SOT_PAS, COD_SED)","0201",estrazione da ctr10k,Via Lorenzo Viani n. 313,Lucca,LU,RFI,bronze,"0100","20190904","20191024",./0.png
11.7680871152957,43.7301965493013,"190","190",RTT0900131SF,PONTE A POPPI,RTT0900131GK,"1722967.26","4845646.79","0400","variazione di sede/sottopasso (SOT_PAS, COD_SED)","0201",estrazione da ctr10k,Via Falterona,Poppi,AR,,,"0200","20190904","20191024",./0.png
11.3961597062363,43.2509311360149,"191","191",RTT0900088SF,PONTE A TRESSA,RTT0900088GK,"1694544.323008","4791483.33981","0400","variazione di sede/sottopasso (SOT_PAS, COD_SED)","0201",estrazione da ctr10k,Via della Stazione,Monteroni d'Arbia,SI,RFI,bronze,"0100","20190904","20191024",./0.png
10.742443234988,43.3351053311655,"192","192",RTT0900498SF,PONTE GINORI,RTT0900498GK,"1641280.14398","4799518.008868","0400","variazione di sede/sottopasso (SOT_PAS, COD_SED)","0201",estrazione da ctr10k,Via Camminata,Montecatini V di Cecina,PI,RFI,bronze,"0100","20190904","20191024",./0.png
10.3873122318175,44.1326671117821,"193","193",RTT0900922SF,PONTECOSI,RTT0900922GK,"1611007.933735","4887560.543996","0400","variazione di sede/sottopasso (SOT_PAS, COD_SED)","0201",estrazione da ctr10k,Via della Fonte,Pieve Fosciana,LU,,,"0200","20190904","20191024",./0.png
10.6288609523666,43.6621540112032,"194","194",RTT0903299SF,PONTEDERA -CASCIANA TERME,RTT0903299GK,"1631361.46","4835654.95","0400","variazione di sede/sottopasso (SOT_PAS, COD_SED)","0201",estrazione da ctr10k,Piazza Unita' d'Italia 18,Pontedera,PI,RFI,silver,"0100","20190904","20191024",./0.png
11.7164907240339,43.4815375882358,"195","195",RTT0900245SF,PONTICINO,RTT0900245GK,"1719715.24","4817891.04","0400","variazione di sede/sottopasso (SOT_PAS, COD_SED)","0201",estrazione da ctr10k,Via ferrovia,Laterina,AR,RFI,bronze,"0100","20190904","20191024",./0.png
9.88767566827982,44.3718258106536,"196","196",RTT0901031SF,PONTREMOLI,RTT0901031GK,"1570751.26","4913572.69","0400","variazione di sede/sottopasso (SOT_PAS, COD_SED)","0201",estrazione da ctr10k,Piazzale Bruno Raschi,Pontremoli,MS,RFI,silver,"0100","20190904","20191024",./0.png
11.63633726073,44.0929957308765,"197","197",RTT0902789SF,POPOLANO DI MARRADI,RTT0902789GK,"1711069.131529","4885597.749118","0400","variazione di sede/sottopasso (SOT_PAS, COD_SED)","0201",estrazione da ctr10k,Via della Stazione,Marradi,FI,RFI,bronze,"0100","20190904","20191024",./0.png
11.7679934078165,43.7303376272686,"198","198",RTT0903665SF,POPPI,RTT0903720GK,"1722959.18894","4845662.207389","0400","variazione di sede/sottopasso (SOT_PAS, COD_SED)","0700",da integrazione grafi,Viale della Stazione,Poppi,AR,TFT,,"0100","20190904","20191024",./0.png
11.9141198291151,43.3409222822694,"199","199",RTT0900225SF,CASTIGLION FIORENTINO,RTT0900225GK,"1736244.95","4802814.18","0400","variazione di sede/sottopasso (SOT_PAS, COD_SED)","0201",estrazione da ctr10k,Viale Mazzini,Castiglion Fiorentino,AR,RFI,silver,"0100","20190904","20191024",./0.png
10.4144161899316,43.4046550032422,"200","200",RTT0900562SF,CASTIGLIONCELLO,RTT0900562GK,"1614556.91","4806739.4","0400","variazione di sede/sottopasso (SOT_PAS, COD_SED)","0201",estrazione da ctr10k,Piazza della Repubblica,Rosignano Marittimo,LI,RFI,silver,"0100","20190904","20191024",./0.png
10.5142265165854,43.310486960374,"201","201",RTT0900011SF,CECINA,RTT0900011GK,"1622828.76","4796423.06","0400","variazione di sede/sottopasso (SOT_PAS, COD_SED)","0201",estrazione da ctr10k,Via della Stazione,Cecina,LI,RFI,silver,"0100","20190904","20191024",./0.png
11.2770968912036,43.8415700106048,"202","202",RTT0901561SF,CERCINA,RTT0901561GK,"1683081.782058","4856812.82172","0400","variazione di sede/sottopasso (SOT_PAS, COD_SED)","0201",estrazione da ctr10k,Sesto Fiorentino,Sesto Fiorentino,FI,RFI,bronze,"0100","20190904","20191024",./0.png
10.9493023195078,43.7157746953877,"203","203",RTT0900041SF,EMPOLI,RTT0900041GK,"1657059.01","4842167.52","0400","variazione di sede/sottopasso (SOT_PAS, COD_SED)","0201",estrazione da ctr10k,Piazza Don Minzoni 18,Empoli,FI,RFI,gold,"0100","20190904","20191024",./0.png
10.1536390634708,44.1702998195895,"204","204",RTT0902947SF,EQUI TERME,RTT0902947GK,"1592256.07321","4891451.944004","0400","variazione di sede/sottopasso (SOT_PAS, COD_SED)","0201",estrazione da ctr10k,Via della Stazione 18,Casola in Lunigiana,MS,RFI,bronze,"0100","20190904","20191024",./0.png
10.5030632888483,43.5518479386411,"205","205",RTT0903283SF,FAUGLIA-LORENZANA,RTT0903283GK,"1621439.978013","4823212.494107","0400","variazione di sede/sottopasso (SOT_PAS, COD_SED)","0201",estrazione da ctr10k,Via Guglielmo Marconi,Fauglia,PI,,,"0200","20190904","20191024",./0.png
11.3078601631,43.8302742512434,"206","206",RTT0901527SF,FIESOLE-CALDINE,RTT0901527GK,"1685589.898558","4855626.763544","0400","variazione di sede/sottopasso (SOT_PAS, COD_SED)","0201",estrazione da ctr10k,Via della Stazione,Fiesole,FI,RFI,bronze,"0100","20190904","20191024",./0.png
11.473578423463,43.6216768277799,"207","207",RTT0901877SF,FIGLINE VALDARNO,RTT0901877GK,"1699606.49","4832843.2","0400","variazione di sede/sottopasso (SOT_PAS, COD_SED)","0201",estrazione da ctr10k,Piazza della Repubblica,Figline e Incisa Valdarno,FI,RFI,silver,"0100","20190904","20191024",./0.png
9.93339265694464,44.3314035570713,"208","208",RTT0901016SF,FILATTIERA,RTT0901016GK,"1574444.81","4909123.17","0400","variazione di sede/sottopasso (SOT_PAS, COD_SED)","0201",estrazione da ctr10k,Via Balestracci 1,Filattiera,MS,RFI,bronze,"0100","20190904","20191024",./0.png
10.5422148958389,42.9707202962537,"209","209",RTT0900408SF,FIORENTINA DI PIOMBINO,RTT0900408GK,"1625793.125397","4758731.518245","0400","variazione di sede/sottopasso (SOT_PAS, COD_SED)","0201",estrazione da ctr10k,Localita' Fiorentina Stazione,Piombino,LI,,,"0200","20190904","20191024",./0.png
11.2770385210213,43.7770107716956,"210","210",RTT0900052SF,FIRENZE CAMPO DI MARTE,RTT0900052GK,"1683274.44","4849642.1","0400","variazione di sede/sottopasso (SOT_PAS, COD_SED)","0201",estrazione da ctr10k,Via Mannelli 10,Firenze,FI,RFI,gold,"0100","20190904","20191024",./0.png
11.1987746690177,43.7922101396695,"211","211",RTT0901459SF,FIRENZE CASCINE,RTT0901459GK,"1676931.076723","4851160.016819","0400","variazione di sede/sottopasso (SOT_PAS, COD_SED)","0201",estrazione da ctr10k,Via della Stazione delle Cascine,Firenze,FI,,,"0200","20190904","20191024",./0.png
11.0084167253511,43.912896070461,"212","212",RTT0901277SF,MONTALE-AGLIANA,RTT0901277GK,"1661289.78","4864175.33","0400","variazione di sede/sottopasso (SOT_PAS, COD_SED)","0201",estrazione da ctr10k,Piazza Marconi,Montale,PT,RFI,silver,"0100","20190904","20191024",./0.png
11.5461468275908,42.9764116044711,"213","213",RTT0902467SF,MONTE AMIATA,RTT0902467GK,"1707647.06","4761355.21","0400","variazione di sede/sottopasso (SOT_PAS, COD_SED)","0201",estrazione da ctr10k,S.P. della Badia di Sant'Antimo (N.55),Montalcino,GR,,,"0200","20190904","20191024",./0.png
11.3598619264881,42.9811140129778,"214","214",RTT0902225SF,MONTE ANTICO,RTT0902225GK,"1692441.513893","4761433.879272","0400","variazione di sede/sottopasso (SOT_PAS, COD_SED)","0201",estrazione da ctr10k,Piazza Stazione,Civitella Paganico,GR,RFI,bronze,"0100","20190904","20191024",./0.png
10.7703861242169,43.8813144161214,"215","215",RTT0901164SF,MONTECATINI CENTRO,RTT0901164GK,"1642252.377688","4860230.346144","0400","variazione di sede/sottopasso (SOT_PAS, COD_SED)","0201",estrazione da ctr10k,Piazza Gramsci n.5,Montecatini Terme,PT,RFI,silver,"0100","20190904","20191024",./0.png
10.7805713804596,43.8793540773804,"216","216",RTT0901166SF,MONTECATINI TERME-MONSUMMANO,RTT0901166GK,"1643075.32","4860030.19","0400","variazione di sede/sottopasso (SOT_PAS, COD_SED)","0201",estrazione da ctr10k,Piazza Italia,Montecatini Terme,PT,RFI,silver,"0100","20190904","20191024",./0.png
11.018980703956,43.7334048595636,"217","217",RTT0900073SF,MONTELUPO-CAPRAIA,RTT0900073GK,"1662624.57","4844260.03","0400","variazione di sede/sottopasso (SOT_PAS, COD_SED)","0201",estrazione da ctr10k,Piazza Cavallotti n. 1,Montelupo Fiorentino,FI,RFI,silver,"0100","20190904","20191024",./0.png
11.8567657682134,43.135380192791,"218","218",RTT0903364SF,MONTEPULCIANO,RTT0903364GK,"1732375.88","4779825.09","0400","variazione di sede/sottopasso (SOT_PAS, COD_SED)","0201",estrazione da ctr10k,Piazza Europa,Montepulciano,SI,RFI,silver,"0100","20190904","20191024",./0.png
11.4196713388368,43.2300644836971,"219","219",RTT0900090SF,MONTERONI D'ARBIA,RTT0900090GK,"1696520.12","4789220.85","0400","variazione di sede/sottopasso (SOT_PAS, COD_SED)","0201",estrazione da ctr10k,Piazza Stazione,Monteroni d'Arbia,SI,RFI,bronze,"0100","20190904","20191024",./0.png
11.4281459633951,43.2178076426804,"220","220",RTT0903235SF,MONTERONI SUD,RTT0903235GK,"1697247.868662","4787879.542784","0400","variazione di sede/sottopasso (SOT_PAS, COD_SED)","0201",estrazione da ctr10k,Via Emilia,Monteroni d'Arbia,SI,,,"0200","20190904","20191024",./0.png
10.6192415721301,43.8312811317915,"221","221",RTT0901053SF,PORCARI,RTT0901053GK,"1630218.74","4854424.21","0400","variazione di sede/sottopasso (SOT_PAS, COD_SED)","0201",estrazione da ctr10k,Piazza Stazione,Porcari,LU,RFI,bronze,"0100","20190904","20191024",./0.png
11.7464115697518,43.7445540265964,"222","222",RTT0900140SF,PORRENA,RTT0900140GK,"1721168.58","4847183.37","0400","variazione di sede/sottopasso (SOT_PAS, COD_SED)","0201",estrazione da ctr10k,Via Falterona,Poppi,AR,TFT,,"0100","20190904","20191024",./0.png
10.5398172249496,42.9318622890094,"223","223",RTT0900079SF,PORTOVECCHIO DI PIOMBINO,RTT0900079GK,"1625676.616048","4754412.658199","0400","variazione di sede/sottopasso (SOT_PAS, COD_SED)","0201",estrazione da ctr10k,Via Portovecchio,Piombino,LI,,,"0200","20190904","20191024",./0.png
11.1616232659062,43.8494177505793,"224","224",RTT0902834SF,PRATIGNONE,RTT0902834GK,"1673775.931223","4857435.314506","0400","variazione di sede/sottopasso (SOT_PAS, COD_SED)","0201",estrazione da ctr10k,Via del Pratignone,Calenzano,FI,RFI,bronze,"0100","20190904","20191024",./0.png
11.075077698622,43.8914959094711,"225","225",RTT0903657SF,PRATO BORGO NUOVO,RTT0903711GK,"1666702.02361","4861930.718713","0400","variazione di sede/sottopasso (SOT_PAS, COD_SED)","0700",da integrazione grafi,Via Fabio Filzi 250,Prato,PO,RFI,silver,"0100","20190904","20191024",./0.png
11.1093737229714,43.8787887773419,"226","226",RTT0902858SF,PRATO CENTRALE,RTT0902858GK,"1669492.84","4860589.09","0400","variazione di sede/sottopasso (SOT_PAS, COD_SED)","0201",estrazione da ctr10k,Piazza Stazione n. 13,Prato,PO,Centostazioni,gold,"0100","20190904","20191024",./0.png
11.0983688946885,43.8845096195476,"227","227",RTT0901319SF,PRATO PORTA AL SERRAGLIO,RTT0901319GK,"1668592.566806","4861201.99826","0400","variazione di sede/sottopasso (SOT_PAS, COD_SED)","0201",estrazione da ctr10k,Via Cavallotti n. 1,Prato,PO,RFI,silver,"0100","20190904","20191024",./0.png
11.7230673226111,43.787827556829,"228","228",RTT0902067SF,PRATOVECCHIO,RTT0902067GK,"1719130.720923","4851927.723981","0400","variazione di sede/sottopasso (SOT_PAS, COD_SED)","0201",estrazione da ctr10k,Piazza Stazione,Pratovecchio Stia,AR,TFT,,"0100","20190904","20191024",./0.png
11.8725822025797,43.4941845092367,"229","229",RTT0903667SF,PUGLIA CECILIANO,RTT0901994GK,"1732290.75","4819719.68","0400","variazione di sede/sottopasso (SOT_PAS, COD_SED)","0201",estrazione da ctr10k,Localita' Casanuova di Ceciliano,Arezzo,AR,TFT,,"0300","20190904","20191024",./0.png
10.369015717891,43.4581937874938,"230","230",RTT0900584SF,QUERCIANELLA SONNINO,RTT0900584GK,"1610782.968378","4812624.093213","0400","variazione di sede/sottopasso (SOT_PAS, COD_SED)","0201",estrazione da ctr10k,Via del Littorale,Livorno,LI,,,"0200","20190904","20191024",./0.png
10.3726448730871,43.4549027631529,"231","231",RTT0900583SF,QUERCIANELLA-SONNINO,RTT0900583GK,"1611082.6","4812263.42","0400","variazione di sede/sottopasso (SOT_PAS, COD_SED)","0201",estrazione da ctr10k,Via della Stazione,Livorno,LI,RFI,silver,"0100","20190904","20191024",./0.png
11.602493420914,43.2833395319342,"232","232",RTT0903351SF,RAPOLANO TERME,RTT0903351GK,"1711182.84","4795583.62","0400","variazione di sede/sottopasso (SOT_PAS, COD_SED)","0201",estrazione da ctr10k,Piazza Stazione,Rapolano Terme,SI,RFI,bronze,"0100","20190904","20191024",./0.png
11.8364663780608,43.6497291246086,"233","233",RTT0900135SF,RASSINA,RTT0900135GK,"1728780.54","4836895.58","0400","variazione di sede/sottopasso (SOT_PAS, COD_SED)","0201",estrazione da ctr10k,Viale Dante Alighieri,Castel Focognano,AR,TFT,,"0100","20190904","20191024",./0.png
11.2186958332544,43.8196099426714,"234","234",RTT0900033SF,FIRENZE CASTELLO,RTT0900033GK,"1678452.28","4854246.08","0400","variazione di sede/sottopasso (SOT_PAS, COD_SED)","0201",estrazione da ctr10k,Piazza Davidsohn n.1,Firenze,FI,RFI,silver,"0100","20190904","20191024",./0.png
11.2380192825625,43.7786883121197,"235","235",RTT0903654SF,FIRENZE PORTA PRATO,RTT0901444GK,"1680129.21","4849742.79","0400","variazione di sede/sottopasso (SOT_PAS, COD_SED)","0201",estrazione da ctr10k,Via Fratelli Rosselli,Firenze,FI,RFI,silver,"0100","20190904","20191024",./0.png
11.2362798473265,43.8001169927648,"236","236",RTT0900036SF,FIRENZE RIFREDI,RTT0900036GK,"1679924.92","4852119.08","0400","variazione di sede/sottopasso (SOT_PAS, COD_SED)","0201",estrazione da ctr10k,Via dello Steccuto n.1,Firenze,FI,RFI,gold,"0100","20190904","20191024",./0.png
11.3094010039633,43.7688888150918,"237","237",RTT0901717SF,FIRENZE ROVEZZANO,RTT0901717GK,"1685904.077303","4848812.146899","0400","variazione di sede/sottopasso (SOT_PAS, COD_SED)","0201",estrazione da ctr10k,Via Rovezzano,Firenze,FI,RFI,silver,"0100","20190904","20191024",./0.png
11.2680456000823,43.7916787242891,"238","238",RTT0901514SF,FIRENZE S.MARCO VECCHIO,RTT0901514GK,"1682506.066242","4851251.394884","0400","variazione di sede/sottopasso (SOT_PAS, COD_SED)","0201",estrazione da ctr10k,Via della Stazione,Firenze,FI,RFI,silver,"0100","20190904","20191024",./0.png
11.2479023749899,43.7767401001185,"239","239",RTT0900067SF,FIRENZE SANTA MARIA NOVELLA,RTT0900067GK,"1680930.435303","4849547.953125","0400","variazione di sede/sottopasso (SOT_PAS, COD_SED)","0201",estrazione da ctr10k,Piazza Stazione,Firenze,FI,GrandiStazioni,platinum,"0100","20190904","20191024",./0.png
11.2499531999338,43.7873517802956,"240","240",RTT0901509SF,FIRENZE STATUTO,RTT0901509GK,"1681063.446071","4850731.07003","0400","variazione di sede/sottopasso (SOT_PAS, COD_SED)","0201",estrazione da ctr10k,Piazza Muratori,Firenze,FI,RFI,silver,"0100","20190904","20191024",./0.png
10.0917060650516,44.2027045283573,"241","241",RTT0900953SF,FIVIZZANO-GASSANO,RTT0900953GK,"1587256.96","4894983.68","0400","variazione di sede/sottopasso (SOT_PAS, COD_SED)","0201",estrazione da ctr10k,Via Stazione,Fivizzano,MS,RFI,bronze,"0100","20190904","20191024",./0.png
10.0609881162699,44.2023056014669,"242","242",RTT0900958SF,FIVIZZANO-ROMETTA-SOLIERA,RTT0900958GK,"1584803.088602","4894907.228802","0400","variazione di sede/sottopasso (SOT_PAS, COD_SED)","0201",estrazione da ctr10k,Via Stazione,Fivizzano,MS,RFI,bronze,"0100","20190904","20191024",./0.png
11.796926356317,43.240487118739,"243","243",RTT0900155SF,FOIANO,RTT0900155GK,"1727118.44","4791334.24","0400","variazione di sede/sottopasso (SOT_PAS, COD_SED)","0201",estrazione da ctr10k,Via Sinalunga,Foiano della Chiana,AR,TFT,,"0300","20190904","20191024",./0.png
10.7557427238253,42.9266630890931,"244","244",RTT0900364SF,FOLLONICA,RTT0900364GK,"1643308.71","4754180.45","0400","variazione di sede/sottopasso (SOT_PAS, COD_SED)","0201",estrazione da ctr10k,Via della stazione n.5,Follonica,GR,RFI,silver,"0100","20190904","20191024",./0.png
11.2893111991091,43.8801744630967,"245","245",RTT0901566SF,FONTEBUONA,RTT0901566GK,"1683944.948133","4861127.765076","0400","variazione di sede/sottopasso (SOT_PAS, COD_SED)","0201",estrazione da ctr10k,Vaglia,Vaglia,FI,RFI,bronze,"0100","20190904","20191024",./0.png
11.4062504416141,43.2944019665862,"246","246",RTT0902125SF,ARBIA,RTT0902125GK,"1695224.459598","4796334.821724","0400","variazione di sede/sottopasso (SOT_PAS, COD_SED)","0201",estrazione da ctr10k,Via Stazione,Asciano,SI,RFI,bronze,"0100","20190904","20191024",./0.png
10.3298279437539,43.5187249212809,"247","247",RTT0900614SF,ARDENZA,RTT0900614GK,"1607505.19","4819295.42","0400","variazione di sede/sottopasso (SOT_PAS, COD_SED)","0201",estrazione da ctr10k,Via Duccio Galimberti,Livorno,LI,,,"0200","20190904","20191024",./0.png
11.8754419796303,43.4609705737216,"248","248",RTT0900257SF,AREZZO,RTT0900257GK,"1732649.467785","4816038.686018","0400","variazione di sede/sottopasso (SOT_PAS, COD_SED)","0201",estrazione da ctr10k,Piazza della Repubblica,Arezzo,AR,Centostazioni,gold,"0100","20190904","20191024",./0.png
11.8673875506772,43.4700808228759,"249","249",RTT0903668SF,AREZZO - CASELLO1,RTT0901988GK,"1731962.975968","4817028.055404","0400","variazione di sede/sottopasso (SOT_PAS, COD_SED)","0201",estrazione da ctr10k,Via Perennio,Arezzo,AR,TFT,,"0300","20190904","20191024",./0.png
11.8585402999915,43.4633124330936,"250","250",RTT0900167SF,AREZZO PESCAIOLA,RTT0900167GK,"1731273.13","4816251.69","0400","variazione di sede/sottopasso (SOT_PAS, COD_SED)","0201",estrazione da ctr10k,Via Concini,Arezzo,AR,TFT,,"0300","20190904","20191024",./0.png
11.5797718162926,43.2355744733416,"251","251",RTT0903341SF,ASCIANO,RTT0903341GK,"1709503","4790221.52","0400","variazione di sede/sottopasso (SOT_PAS, COD_SED)","0201",estrazione da ctr10k,Via 1 Maggio,Asciano,SI,RFI,bronze,"0100","20190904","20191024",./0.png
11.5637141954094,43.2318509000455,"252","252",RTT0903204SF,ASCIANO-MONTE OLIVETO MAGGIORE,RTT0903204GK,"1708211.755274","4789767.859591","0400","variazione di sede/sottopasso (SOT_PAS, COD_SED)","0201",estrazione da ctr10k,Via Laurentana,Asciano,SI,RFI,silver,"0100","20190904","20191024",./0.png
9.97057059731047,44.2094231686586,"253","253",RTT0900064SF,AULLA LUNIGIANA,RTT0900064GK,"1577569.115758","4895608.529655","0400","variazione di sede/sottopasso (SOT_PAS, COD_SED)","0201",estrazione da ctr10k,Piazza A.Straulino,Aulla,MS,RFI,silver,"0100","20190904","20191024",./0.png
11.8711100969924,43.5969866491056,"254","254",RTT0902002SF,BACIANO,RTT0902002GK,"1731777.25","4831133.63","0400","variazione di sede/sottopasso (SOT_PAS, COD_SED)","0201",estrazione da ctr10k,Via Della Zenna,Capolona,AR,TFT,,"0300","20190904","20191024",./0.png
11.27308968205,43.3856377555295,"255","255",RTT0903660SF,BADESSE,RTT0903715GK,"1684145.945361","4806165.050494","0400","variazione di sede/sottopasso (SOT_PAS, COD_SED)","0700",da integrazione grafi,Via Giuseppe Verdi,Monteriggioni,SI,RFI,bronze,"0100","20190904","20191024",./0.png
11.7694734905182,43.4013355195874,"256","256",RTT0902090SF,BADIA AL PINO,RTT0902090GK,"1724296.51","4809124.55","0400","variazione di sede/sottopasso (SOT_PAS, COD_SED)","0201",estrazione da ctr10k,Via Roma,Civitella Val di Chiana,AR,,,"0200","20190904","20191024",./0.png
10.5516747100957,44.0034146421366,"257","257",RTT0900875SF,BAGNI DI LUCCA,RTT0900875GK,"1624426.96","4873438.95","0400","variazione di sede/sottopasso (SOT_PAS, COD_SED)","0201",estrazione da ctr10k,Piazzale Europa n. 5,Bagni di Lucca,LU,RFI,bronze,"0100","20190904","20191024",./0.png
11.108825040723,43.5014387988568,"258","258",RTT0902178SF,BARBERINO DI VAL D'ELSA,RTT0902178GK,"1670514.622139","4818676.675223","0400","variazione di sede/sottopasso (SOT_PAS, COD_SED)","0201",estrazione da ctr10k,Piazza Stazione,Barberino di Val d'Elsa,FI,RFI,bronze,"0100","20190904","20191024",./0.png
